SWZone,River
O_CH04,Onkaparinga
O_LW02,Onkaparinga
O_UP07,Onkaparinga
O_OM12,Onkaparinga
O_CH02,Onkaparinga
O_LW04,Onkaparinga
O_BF02,Onkaparinga
O_CH06,Onkaparinga
O_OM11,Onkaparinga
O_WB04,Onkaparinga
O_LW01,Onkaparinga
O_LW05,Onkaparinga
O_LW06,Onkaparinga
O_UP04,Onkaparinga
O_UP05,Onkaparinga
O_WB02,Onkaparinga
O_WB03,Onkaparinga
O_WB06,Onkaparinga
O_WB08,Onkaparinga
O_WB07,Onkaparinga
O_WB01,Onkaparinga
O_CH03,Onkaparinga
O_WB05,Onkaparinga
O_CH08,Onkaparinga
O_CH09,Onkaparinga
O_CH01,Onkaparinga
O_CH05,Onkaparinga
O_CH07,Onkaparinga
O_IV02,Onkaparinga
O_IV04,Onkaparinga
O_IV03,Onkaparinga
O_IV01,Onkaparinga
O_MT03,Onkaparinga
O_UP01,Onkaparinga
O_MT02,Onkaparinga
O_MT01,Onkaparinga
O_UP03,Onkaparinga
O_UP02,Onkaparinga
O_BH01,Onkaparinga
O_UP08,Onkaparinga
O_CX05,Onkaparinga
O_CX06,Onkaparinga
O_CX04,Onkaparinga
O_UP06,Onkaparinga
O_UP09,Onkaparinga
O_HD02,Onkaparinga
O_HD03,Onkaparinga
O_HD04,Onkaparinga
O_HD01,Onkaparinga
O_BF04,Onkaparinga
O_BF06,Onkaparinga
O_BF03,Onkaparinga
O_EC04,Onkaparinga
O_OM03,Onkaparinga
O_BF01,Onkaparinga
O_OM01,Onkaparinga
O_EC02,Onkaparinga
O_EC03,Onkaparinga
O_EC06,Onkaparinga
O_EC01,Onkaparinga
O_EC08,Onkaparinga
O_EC07,Onkaparinga
O_EC05,Onkaparinga
O_BF05,Onkaparinga
O_BK01,Onkaparinga
O_OM06,Onkaparinga
O_OM04,Onkaparinga
O_SC02,Onkaparinga
O_BK08,Onkaparinga
O_BK04,Onkaparinga
O_BK05,Onkaparinga
O_BK06,Onkaparinga
O_BK02,Onkaparinga
O_OM05,Onkaparinga
O_OM09,Onkaparinga
O_BK03,Onkaparinga
O_BK07,Onkaparinga
O_OM02,Onkaparinga
O_CX01,Onkaparinga
O_CX03,Onkaparinga
O_CX02,Onkaparinga
O_CX07,Onkaparinga
O_AG01,Onkaparinga
O_AG02,Onkaparinga
O_AG03,Onkaparinga
O_OM07,Onkaparinga
O_SC03,Onkaparinga
O_AN01,Onkaparinga
O_AN02,Onkaparinga
O_OM08,Onkaparinga
O_OM08a,Onkaparinga
O_AN04,Onkaparinga
O_AN03,Onkaparinga
O_SC01,Onkaparinga
O_LW03,Onkaparinga
F_Mypo01,Myponga
F_Mypo03,Myponga
F_Mypo07,Myponga
F_Mypo04,Myponga
F_Mypo10,Myponga
F_Mypo06,Myponga
F_Hind01,Hindmarsh
F_Hind05,Hindmarsh
F_Hind02,Hindmarsh
F_Hind03,Hindmarsh
F_Mypo18,Myponga
F_Mypo14,Myponga
F_Mypo15,Myponga
F_Mypo17,Myponga
F_CarC05,Carrickalinga
F_CarC03,Carrickalinga
F_Hind06,Hindmarsh
F_Hind09,Hindmarsh
F_Inman01,Inman
F_Inman06,Inman
F_Hind04,Hindmarsh
F_Inman23,Inman
F_Bung08,Bungala
F_CarC04,Carrickalinga
F_Hind11,Hindmarsh
F_Inman03,Inman
F_Hind15,Hindmarsh
F_Inman20,Inman
F_Hind14,Hindmarsh
F_Inman07,Inman
F_Bung09,Bungala
F_Bung01,Bungala
F_Inman09,Inman
F_Bung04,Bungala
F_Brow01,WMLR Tribs
F_Yank07,Yankalilla
F_Inman34,Inman
F_Yank24,Yankalilla
F_Yank14,Yankalilla
F_Yank23,Yankalilla
F_Yank19,Yankalilla
F_Inman36,Inman
F_Inman24,Inman
F_Yank18,Yankalilla
F_Yank01,WMLR Tribs
F_Yank16,Yankalilla
F_Yank06,Yankalilla
F_Cool02,WMLR Tribs
F_Yank11,Yankalilla
F_AnaC01,WMLR Tribs
F_Inman29,Inman
F_Cool03,WMLR Tribs
F_Cool01,WMLR Tribs
F_Yank09,Yankalilla
F_Inman37,Inman
F_Yank17,Yankalilla
F_TunC03,WMLR Tribs
F_Yank10,Yankalilla
F_Inman38,Inman
F_Cool04,WMLR Tribs
F_Inman35,Inman
F_TunC05,WMLR Tribs
F_Inman39,Inman
F_Cool05,WMLR Tribs
F_AnaC04,WMLR Tribs
F_Deep01,WMLR Tribs
F_Inman32,Inman
F_BoHC03,WMLR Tribs
F_TunC04,WMLR Tribs
F_Call02,WMLR Tribs
F_NewH02,WMLR Tribs
F_Wait01,WMLR Tribs
F_Yatt01,WMLR Tribs
F_Wait02,WMLR Tribs
F_Deep04,WMLR Tribs
F_Cool08,WMLR Tribs
F_Cool06,WMLR Tribs
F_Wait03,WMLR Tribs
F_Yoho07,WMLR Tribs
F_Yoho03,WMLR Tribs
F_BoHC01,WMLR Tribs
F_Call01,WMLR Tribs
F_Call03,WMLR Tribs
F_Cool07,WMLR Tribs
F_Ball02,WMLR Tribs
F_Ball01,WMLR Tribs
F_Deep03,WMLR Tribs
F_BoHC02,WMLR Tribs
F_Deep05,WMLR Tribs
F_Deep02,WMLR Tribs
F_Deep06,WMLR Tribs
F_TunC07,WMLR Tribs
F_Cool12,WMLR Tribs
F_Deep08,WMLR Tribs
F_Yoho02,WMLR Tribs
F_First01,WMLR Tribs
F_BoHC04,WMLR Tribs
F_TunB02,WMLR Tribs
F_Blow01,WMLR Tribs
F_Deep09,WMLR Tribs
F_Wait04,WMLR Tribs
F_Deep10,WMLR Tribs
F_AarT04,WMLR Tribs
F_AarT01,WMLR Tribs
F_Call04,WMLR Tribs
F_Mypo02,Myponga
F_Mypo12,Myponga
F_Mypo20,Myponga
F_Mypo21,Myponga
F_Mypo19,Myponga
F_Mypo22,Myponga
F_Hind08,Hindmarsh
F_Hind10,Hindmarsh
F_Hind12,Hindmarsh
F_Hind19,Hindmarsh
F_Hind18,Hindmarsh
F_Hind17,Hindmarsh
F_Inman28,Inman
F_Inman10,Inman
F_Inman13,Inman
F_Inman11,Inman
F_Inman12,Inman
F_Inman14,Inman
F_Inman08,Inman
F_Inman15,Inman
F_Inman17,Inman
F_Inman18,Inman
F_Inman22,Inman
F_Inman19,Inman
F_CarC09,Carrickalinga
F_CarC08,Carrickalinga
F_CarC01,Carrickalinga
F_CarC06,Carrickalinga
F_CarC10,Carrickalinga
F_CarC11,Carrickalinga
F_Bung05,Bungala
F_Bung06,Bungala
F_Bung03,Bungala
F_Bung02,Bungala
F_CarH06,WMLR Tribs
F_CarH05,WMLR Tribs
F_CarH04,WMLR Tribs
F_CarH03,WMLR Tribs
F_CarH01,WMLR Tribs
F_CarH02,WMLR Tribs
F_RapB01,WMLR Tribs
F_BoHH01,WMLR Tribs
F_Wirr01,WMLR Tribs
F_Lady01,WMLR Tribs
F_Link01,WMLR Tribs
F_RapH01,WMLR Tribs
F_Para01,WMLR Tribs
F_Star01,WMLR Tribs
F_Fish01,WMLR Tribs
F_CapJ02,WMLR Tribs
F_Tunk03,WMLR Tribs
F_VicH01,WMLR Tribs
F_PortE01,WMLR Tribs
F_Gool01,WMLR Tribs
F_Tali01,WMLR Tribs
F_Cooa01,WMLR Tribs
F_Naik01,WMLR Tribs
F_AarT02,WMLR Tribs
F_Tapa04,WMLR Tribs
F_VicW01,WMLR Tribs
F_First02,WMLR Tribs
F_Balq01,WMLR Tribs
F_Bare01,WMLR Tribs
F_Ball04,WMLR Tribs
F_Yank27,Yankalilla
F_Yank22,Yankalilla
F_Yank21,Yankalilla
F_Yank20,Yankalilla
F_Yank15,Yankalilla
F_Yank13,Yankalilla
F_Yank08,Yankalilla
F_Yank05,Yankalilla
F_Yank25,Yankalilla
F_Cool10,WMLR Tribs
F_Tunk01,WMLR Tribs
F_Tunk02,WMLR Tribs
F_Tunk04,WMLR Tribs
F_TunC10,WMLR Tribs
F_TunC11,WMLR Tribs
F_TunB03,WMLR Tribs
F_Tapa03,WMLR Tribs
F_AarT06,WMLR Tribs
F_AarT05,WMLR Tribs
F_AarT03,WMLR Tribs
F_Tali02,WMLR Tribs
F_CapJ03,WMLR Tribs
F_Salt06,WMLR Tribs
F_Salt03,WMLR Tribs
F_Yoho05,WMLR Tribs
F_Yoho06,WMLR Tribs
F_RapH03,WMLR Tribs
F_RapH02,WMLR Tribs
F_Yatt07,WMLR Tribs
F_Yatt06,WMLR Tribs
F_Yatt04,WMLR Tribs
F_Yatt05,WMLR Tribs
F_Yatt02,WMLR Tribs
F_Para02,WMLR Tribs
F_AnaC11,WMLR Tribs
F_AnaC10,WMLR Tribs
F_AnaC09,WMLR Tribs
F_AnaC08,WMLR Tribs
F_AnaC06,WMLR Tribs
F_AnaC05,WMLR Tribs
F_Inman16,Inman
F_CarC02,Carrickalinga
F_Mypo23,Myponga
F_Mypo16,Myponga
F_Mypo13,Myponga
F_Yank04,Yankalilla
F_Inman31,Inman
F_Ball03,WMLR Tribs
F_AnaC07,WMLR Tribs
F_AnaC02,WMLR Tribs
F_Inman02,Inman
F_Mypo11,Myponga
F_Inman05,Inman
F_Blow03,WMLR Tribs
F_Blow02,WMLR Tribs
F_Tapa02,WMLR Tribs
F_Deep07,WMLR Tribs
F_TunB01,WMLR Tribs
F_TunC08,WMLR Tribs
F_TunC09,WMLR Tribs
F_Inman33,Inman
F_TunC01,WMLR Tribs
F_TunC02,WMLR Tribs
F_Salt01,WMLR Tribs
F_Inman41,Inman
F_Bung07,Bungala
F_Inman21,Inman
F_Mypo05,Myponga
F_Mypo08,Myponga
F_TunC06,WMLR Tribs
F_Inman26,Inman
F_Inman25,Inman
F_Mypo09,Myponga
F_Mypo24,Myponga
F_CarC12,Carrickalinga
F_NewH03,WMLR Tribs
F_Inman40,Inman
F_Litt01,WMLR Tribs
F_Midd01,WMLR Tribs
F_NewH01,WMLR Tribs
F_Yank02,Yankalilla
F_Hind16,Hindmarsh
F_CapJ01,WMLR Tribs
F_Salt05,WMLR Tribs
F_Salt04,WMLR Tribs
F_Salt02,WMLR Tribs
F_Pars01,WMLR Tribs
F_Tapa01,WMLR Tribs
F_Hind07,Hindmarsh
F_Hind13,Hindmarsh
F_Inman04,Inman
F_Yank03,Yankalilla
F_Inman30,Inman
F_Hind20,Hindmarsh
F_AnaC03,WMLR Tribs
F_Yoho01,WMLR Tribs
F_Cool09,WMLR Tribs
F_Cool11,WMLR Tribs
F_CarC07,Carrickalinga
F_Yank12,Yankalilla
F_Yoho04,WMLR Tribs
F_Yatt03,WMLR Tribs
F_Inman27,Inman
F_Link02,WMLR Tribs
W_Robs01,WillungaBasin
W_Blan01,WillungaBasin
W_Pedl03,WillungaBasin
W_Ingl01,WillungaBasin
W_Pedl01,WillungaBasin
W_Pedl04,WillungaBasin
W_Pedl06,WillungaBasin
W_Pedl05,WillungaBasin
W_Pedl08,WillungaBasin
W_Ingl05,WillungaBasin
W_Will02,WillungaBasin
W_Will05,WillungaBasin
W_Silv02,WillungaBasin
W_Silv04,WillungaBasin
W_Silv06,WillungaBasin
W_Sell01,WillungaBasin
W_Blac01,WillungaBasin
W_Blac02,WillungaBasin
W_Silv08,WillungaBasin
W_Silv03,WillungaBasin
W_Silv05,WillungaBasin
W_Ingl02,WillungaBasin
W_Will04,WillungaBasin
W_Silv01,WillungaBasin
W_Pedl09,WillungaBasin
W_Ingl03,WillungaBasin
W_Ingl04,WillungaBasin
W_Pedl10,WillungaBasin
W_Pedl07,WillungaBasin
W_Pedl11,WillungaBasin
W_Will03,WillungaBasin
W_Will01,WillungaBasin
W_Silv07,WillungaBasin
W_Silv09,WillungaBasin
W_Sell02,WillungaBasin
W_Sell03,WillungaBasin
W_Sell04,WillungaBasin
W_Blac03,WillungaBasin
W_Pedl02,WillungaBasin
T_Six04,Torrens
T_MP03,Torrens
T_MP01,Torrens
T_MP02,Torrens
T_Bir06,Torrens
T_Bir01,Torrens
T_Bir02,Torrens
T_Mil04,Torrens
T_Mil02,Torrens
T_Mil01,Torrens
T_Ker06,Torrens
T_Bir05,Torrens
T_Han01,Torrens
T_Han02,Torrens
T_Ken01,Torrens
T_Ang01,Torrens
T_Kan06,Torrens
T_Kan04,Torrens
T_Cud05,Torrens
T_Cud03,Torrens
T_Cud02,Torrens
T_Six01,Torrens
T_Six02,Torrens
T_Six06,Torrens
T_Six05,Torrens
T_Six07,Torrens
T_Six09,Torrens
T_Ker01,Torrens
T_Mil03,Torrens
T_Bir03,Torrens
T_Ker02,Torrens
T_Ker03,Torrens
T_Bir07,Torrens
T_Ker05,Torrens
T_Gum03,Torrens
T_Gum04,Torrens
T_Cud08,Torrens
T_McC02,Torrens
T_Cud04,Torrens
T_McC01,Torrens
T_Foo01,Torrens
T_Ang02,Torrens
T_Cud06,Torrens
T_Cud07,Torrens
T_Kan03,Torrens
T_Six08,Torrens
T_Ker04,Torrens
T_Cud01,Torrens
T_Six03,Torrens
T_Kan01,Torrens
T_Kan05,Torrens
T_Kan02,Torrens
T_McC03,Torrens
T_Mil05,Torrens
T_Gum02,Torrens
T_Foo02,Torrens
T_Bir04,Torrens
T_Gum01,Torrens
S_LC22,SouthPara
S_LC19,SouthPara
S_UC02,SouthPara
S_LC25,SouthPara
S_LC06,SouthPara
S_LC05,SouthPara
S_LC01,SouthPara
S_LC03,SouthPara
S_LC02,SouthPara
S_MC01,SouthPara
S_LC13,SouthPara
S_LC20,SouthPara
S_MC02,SouthPara
S_MC06,SouthPara
S_MC24,SouthPara
S_LC17,SouthPara
S_MC03,SouthPara
S_MC05,SouthPara
S_LC15,SouthPara
S_UC04,SouthPara
S_UC05,SouthPara
S_UC06,SouthPara
S_MC23,SouthPara
S_MC20,SouthPara
S_MC13,SouthPara
S_MC14,SouthPara
S_MC16,SouthPara
S_MC15,SouthPara
S_MC12,SouthPara
S_MC10,SouthPara
S_MC11,SouthPara
S_LC12,SouthPara
S_LC07,SouthPara
S_LC09,SouthPara
S_UC01,SouthPara
S_MC09,SouthPara
S_MC08,SouthPara
S_MC07,SouthPara
S_MC04,SouthPara
S_MC18,SouthPara
S_MC22,SouthPara
S_MC21,SouthPara
S_LC08,SouthPara
S_LC10,SouthPara
S_LC14,SouthPara
S_LC18,SouthPara
S_LC16,SouthPara
S_LC04,SouthPara
S_LC21,SouthPara
S_LC24,SouthPara
S_LC23,SouthPara
S_UC03,SouthPara
S_LC11,SouthPara
S_MC19,SouthPara
S_LC26,SouthPara
S_MC17,SouthPara
L_GC02,WMLR Tribs
L_LPR01,WMLR Tribs
L_LPR02,WMLR Tribs
L_GC01,WMLR Tribs
L_LLP02,WMLR Tribs
L_LLP01,WMLR Tribs
L_ULP14,WMLR Tribs
L_ULP12,WMLR Tribs
L_ULP15,WMLR Tribs
L_ULP06,WMLR Tribs
L_ULP09,WMLR Tribs
L_ULP07,WMLR Tribs
L_ULP10,WMLR Tribs
L_ULP04,WMLR Tribs
L_ULP05,WMLR Tribs
L_ULP01,WMLR Tribs
L_ULP02,WMLR Tribs
L_ULP03,WMLR Tribs
L_ULP08,WMLR Tribs
L_ULP11,WMLR Tribs
L_ULP13,WMLR Tribs
L_GC03,WMLR Tribs
O_OM12_u,Onkaparinga
O_OM10_u,Onkaparinga
O_OM11_u,Onkaparinga
O_OM08_u,Onkaparinga
O_OM08_u1,Onkaparinga
L_LLP02_u,WMLR Tribs
L_LLP03_u,WMLR Tribs
AR 01,KI Tribs
AR 02,KI Tribs
BL 01,KI Tribs
BOS 01,KI Tribs
BOS 02,KI Tribs
BOS 03,KI Tribs
BOS 04,KI Tribs
CC 01,KI Tribs
CC 02,KI Tribs
CC 03,KI Tribs
CC 04,KI Tribs
CC 05,KI Tribs
CC 06,KI Tribs
CD 01,KI Tribs
CD 02,KI Tribs
CD 03,KI Tribs
CF 01,KI Tribs
CF 02,KI Tribs
CF 03,KI Tribs
CH 01,KI Tribs
CR 01,KI Tribs
CR 02,KI Tribs
CR 03,KI Tribs
CR 04,KI Tribs
CR 05,KI Tribs
CR 06,KI Tribs
CYR 01,Cygnet
CYR 02,Cygnet
CYR 03,Cygnet
CYR 04,Cygnet
CYR 05,Cygnet
CYR 06,Cygnet
CYR 07,Cygnet
CYR 08,Cygnet
CYR 09,Cygnet
CYR 10,Cygnet
CYR 11,Cygnet
CYR 12,Cygnet
CYR 13,Cygnet
CYR 14,Cygnet
CYR 15,Cygnet
CYR 16,Cygnet
CYR 17,Cygnet
CYR 18,Cygnet
CYR 19,Cygnet
CYR 20,Cygnet
CYR 21,Cygnet
CYR 22,Cygnet
CYR 23,Cygnet
CYR 24,Cygnet
CYR 25,Cygnet
CYR 26,Cygnet
CYR 27,Cygnet
CYR 28,Cygnet
CYR 29,Cygnet
CYR 30,Cygnet
CYR 31,Cygnet
CYR 32,Cygnet
CYR 33,Cygnet
CYR 34,Cygnet
CYR 35,Cygnet
CYR 36,Cygnet
CYR 37,Cygnet
CYR 38,Cygnet
CYR 39,Cygnet
CYR 40,Cygnet
CYR 41,Cygnet
CYR 42,Cygnet
CYR 43,Cygnet
CYR 44,Cygnet
CYR 45,Cygnet
CYR 46,Cygnet
CYR 47,Cygnet
CYR 48,Cygnet
CYR 49,Cygnet
CYR 50,Cygnet
CYR 51,Cygnet
CYR 52,Cygnet
CYR 53,Cygnet
CYR 54,Cygnet
CYR 55,Cygnet
CYR 56,Cygnet
DC 01,KI Tribs
DC 02,KI Tribs
DMR 01,DeMole
DMR 02,DeMole
DMR 03,DeMole
DMR 04,DeMole
DMR 05,DeMole
DMR 06,DeMole
DMR 07,DeMole
DMR 08,DeMole
DMR 09,DeMole
DMR 10,DeMole
DMR 11,DeMole
DMR 12,DeMole
DMR 13,DeMole
DMR 14,DeMole
EB 01,KI Tribs
ER 01,Elanor
ER 02,Elanor
ER 03,Elanor
ER 04,Elanor
ER 05,Elanor
ER 06,Elanor
ER 07,Elanor
ER 08,Elanor
ER 09,Elanor
ER 10,Elanor
ER 11,Elanor
ER 12,Elanor
GC 01,KI Tribs
GC 02,KI Tribs
GC 03,KI Tribs
HR 01,Harriet
HR 02,Harriet
HR 03,Harriet
HR 04,Harriet
HR 05,Harriet
HR 06,Harriet
HR 07,Harriet
HR 08,Harriet
HR 09,Harriet
HR 10,Harriet
HR 11,Harriet
HR 12,Harriet
HR 13,Harriet
HR 14,Harriet
HR 15,Harriet
K 01,KI Tribs
KGB 01,KI Tribs
KGC 01,KI Tribs
KGC 02,KI Tribs
KGC 03,KI Tribs
KH 01,KI Tribs
KH 02,KI Tribs
KH 03,KI Tribs
KH 04,KI Tribs
LA 01,KI Tribs
LA 02,KI Tribs
LA 03,KI Tribs
LA 04,KI Tribs
MR 01,Middle
MR 02,Middle
MR 03,Middle
MR 04,Middle
MR 05,Middle
MR 06,Middle
MR 07,Middle
MR 08,Middle
MR 09,Middle
MR 10,Middle
MR 11,Middle
MR 12,Middle
MR 13,Middle
MR 14,Middle
MR 15,Middle
MR 16,Middle
MR 17,Middle
MR 18,Middle
PB 01,KI Tribs
PB 02,KI Tribs
PB 03,KI Tribs
PB 04,KI Tribs
PB 05,KI Tribs
PL 01,KI Tribs
RC 01,KI Tribs
RC 02,KI Tribs
RC 03,KI Tribs
RC 04,KI Tribs
RC 05,KI Tribs
RHB 01,KI Tribs
SB 01,KI Tribs
SBR 01,StunsailBoom
SBR 02,StunsailBoom
SBR 03,StunsailBoom
SBR 04,StunsailBoom
SBR 05,StunsailBoom
SBR 06,StunsailBoom
SBR 07,StunsailBoom
SBR 08,StunsailBoom
SBR 09,StunsailBoom
SBR 10,StunsailBoom
SBR 11,StunsailBoom
SBR 12,StunsailBoom
SC 01,KI Tribs
SC 02,KI Tribs
SC 03,KI Tribs
SCC 01,KI Tribs
SL 01,KI Tribs
SL 02,KI Tribs
SL 03,KI Tribs
SL 04,KI Tribs
SL 05,KI Tribs
SMB 01,KI Tribs
SMB 02,KI Tribs
SWR 01,SouthWest
SWR 02,SouthWest
SWR 03,SouthWest
SWR 04,SouthWest
SWR 05,SouthWest
SWR 06,SouthWest
SWR 07,SouthWest
SWR 08,SouthWest
SWR 09,SouthWest
SWR 10,SouthWest
SWR 11,SouthWest
TC 01,Timber
TC 02,Timber
TC 03,Timber
TC 04,Timber
TC 05,Timber
TC 06,Timber
TC 07,Timber
TC 08,Timber
TC 09,Timber
TC 10,Timber
TC 11,Timber
TC 12,Timber
TC 13,Timber
TC 14,Timber
TC 15,Timber
TC 16,Timber
VB 01,KI Tribs
VC 01,KI Tribs
WER 01,Western
WER 02,Western
WER 03,Western
WER 04,Western
WER 05,Western
WER 06,Western
WER 07,Western
WER 08,Western
WER 09,Western
WER 10,Western
WER 11,Western
WL 01,KI Tribs
WL 02,KI Tribs
WL 03,KI Tribs
WL 04,KI Tribs
WR 01,KI Tribs
WR 02,KI Tribs
WR 03,KI Tribs
ZZ 01,KI Tribs
426RC028,ReedyCreek
426RC016,ReedyCreek
426MC005,EMLR Tribs
426BR038,Bremer
426BR043,Bremer
426BR044,Bremer
426BR006,Bremer
426BR016,Bremer
426BR039,Bremer
426FR021,Finniss
426FR010,Finniss
426CC008,Currency
426CC012,Currency
426TC009,EMLR Tribs
426AB002,EMLR Tribs
426DC003,EMLR Tribs
426RC006,ReedyCreek
426RC008,ReedyCreek
426RC013,ReedyCreek
426RC014,ReedyCreek
426RC015,ReedyCreek
426RC002,ReedyCreek
426RC024,ReedyCreek
426RC009,ReedyCreek
426RC017,ReedyCreek
426RC001,ReedyCreek
426BR040,Bremer
426BR041,Bremer
426BR042,Bremer
426BR045,Bremer
426BR046,Bremer
426BR047,Bremer
426BR026,Bremer
426BR027,Bremer
426BR028,Bremer
426BR029,Bremer
426BR030,Bremer
426BR031,Bremer
426BR033,Bremer
426BR032,Bremer
426BR035,Bremer
426BR036,Bremer
426BR037,Bremer
426BR004,Bremer
426BR007,Bremer
426BR008,Bremer
426BR012,Bremer
426BR011,Bremer
426BR014,Bremer
426BR017,Bremer
426BR018,Bremer
426BR019,Bremer
426BR020,Bremer
426BR024,Bremer
426BR025,Bremer
426BR034,Bremer
426BR048,Bremer
426BR055,Bremer
426BR056,Bremer
426RG003,EMLR Tribs
426AR011,Angas
426AR013,Angas
426AR018,Angas
426AR017,Angas
426AR025,Angas
426FR002,Finniss
426FR003,Finniss
426FR005,Finniss
426FR004,Finniss
426FR008,Finniss
426FR017,Finniss
426FR018,Finniss
426TC005,EMLR Tribs
426CC010,Currency
426CC003,Currency
426CC007,Currency
426PC003,EMLR Tribs
426RC022,ReedyCreek
426RC005,ReedyCreek
426BR049,Bremer
426BR023,Bremer
426BR021,Bremer
426BR022,Bremer
426BR013,Bremer
426BR010,Bremer
426BR009,Bremer
426BR003,Bremer
426BR001,Bremer
426BR054,Bremer
426SC008,EMLR Tribs
426SC007,EMLR Tribs
426SC002,EMLR Tribs
426PC002,EMLR Tribs
426AR001,Angas
426AR002,Angas
426FR006,Finniss
426FR007,Finniss
426FR009,Finniss
426FR013,Finniss
426FR027,Finniss
426FR026,Finniss
426FR014,Finniss
426FR001,Finniss
426TC004,EMLR Tribs
426TC001,EMLR Tribs
426TC003,EMLR Tribs
426TC006,EMLR Tribs
426CC011,Currency
426RC019,ReedyCreek
426RC018,ReedyCreek
426RC007,ReedyCreek
426MC002,EMLR Tribs
426MC004,EMLR Tribs
426MC003,EMLR Tribs
426RC003,ReedyCreek
426RC011,ReedyCreek
426RC004,ReedyCreek
426RC010,ReedyCreek
426RC012,ReedyCreek
426AB001,EMLR Tribs
426BR005,Bremer
426BR002,Bremer
426TC001,EMLR Tribs
426TC008,EMLR Tribs
426BR015,Bremer
426CC002,Currency
426CC001,Currency
426CC005,Currency
426CC006,Currency
426CC004,Currency
426FR012,Finniss
426FR011,Finniss
426DC001,EMLR Tribs
426DC002,EMLR Tribs
426FR022,Finniss
426FR023,Finniss
426FR024,Finniss
426FR020,Finniss
426FR019,Finniss
426FR015,Finniss
426FR016,Finniss
426RC023,ReedyCreek
426SC004,EMLR Tribs
426SC005,EMLR Tribs
426SC001,EMLR Tribs
426SC006,EMLR Tribs
426SC003,EMLR Tribs
426PC001,EMLR Tribs
426RG002,EMLR Tribs
426BR050,Bremer
426BR051,Bremer
426BR052,Bremer
426BR053,Bremer
426AR004,Angas
426AR006,Angas
426AR007,Angas
426AR006a,Angas
426AR005,Angas
426AR010,Angas
426AR012,Angas
426AR008,Angas
426AR022,Angas
426AR021,Angas
426AR020,Angas
426AR023,Angas
426AR024,Angas
426AR009,Angas
426AR014,Angas
426AR019,Angas
426AR016,Angas
426AR015,Angas
426BR060,Bremer
426BR057,Bremer
426BR058,Bremer
426BR059,Bremer
426BR061,Bremer
426RC020,ReedyCreek
426RG001,EMLR Tribs
426BR062,Bremer
426AR026,Angas
426LG001,EMLR Tribs
426AR003,Angas
426FR025,Finniss
426CC009,Currency
426MC001,EMLR Tribs
426TC007,EMLR Tribs
426RC027,ReedyCreek
426RC021,ReedyCreek
426RC026,ReedyCreek
426RC025,ReedyCreek
426SP004,EMLR Tribs
426SP001,EMLR Tribs
426SP002,EMLR Tribs
426SP003,EMLR Tribs
M101,Marne
M102,Marne
M103,Marne
M107,Marne
M108,Marne
M109,Marne
M104,Marne
S6,Marne
M105,Marne
M110,Marne
M106,Marne
M201,Marne
M202,Marne
M203,Marne
M204,Marne
M205,Marne
M206,Marne
M207,Marne
M208,Marne
M209,Marne
M211,Marne
M212,Marne
M213,Marne
M214,Marne
M215,Marne
M4,Marne
M3,Marne
M5,Marne
S101,Marne
S102,Marne
S103,Marne
S105,Marne
S104,Marne
S201,Marne
S202,Marne
S207,Marne
S208,Marne
S203,Marne
S204,Marne
S205,Marne
S206,Marne
S209,Marne
S210,Marne
S5,Marne
S3,Marne
S4,Marne
M111,Marne
S211,Marne
S106,Marne
M210,Marne
Cape Borda,KI Tribs
Ravine des Casoars,KI Tribs
Vennacher Point,KI Tribs
Breakneck River,Breakneck
West Bay Creek,KI Tribs
West Bay,KI Tribs
Knapsmans Creek,KI Tribs
Sandy River,KI Tribs
Rocky River,KI Tribs
Lower_Burra_Creek,Burra
Mid_Burra_Creek,Burra
Worlds_End,Burra
Springbank_Valley,Burra
Upper_Burra_Creek,Burra
Razorback,Burra
Mount_Bryan_TS,Burra
Firewood_Creek,Burra
Logan_Creek,Burra
Lagoon_Hill,Burra
